"No","Kategori","Menu / Fitur","Skenario Pengujian","Status (Pass/Fail)","Catatan QA","Link Screenshot"
"1","Admin","Login & Akun","Ganti password berjalan dengan baik","","",""
"2","Admin","Pengaturan Identitas","Ubah nama masjid, lokasi, dan logo berhasil disimpan","","",""
"3","Admin","Latar Waktu Sholat","Upload gambar kustom untuk Khutbah, Adzan, Iqomah, dan Sholat berhasil (cek toleransi huruf kapital .JPG)","","",""
"4","Admin","Pengaturan Jadwal","Fungsi aktif/non-aktif Tarawih tersimpan dengan benar (tidak salah baca angka 0/1)","","",""
"5","Admin","Laporan Keuangan","Input saldo teks dan upload gambar bukti/laporan keuangan berjalan lancar","","",""
"6","Admin","Informasi & Teks Berjalan","Tambah, edit, hapus, dan set status aktif/non-aktif pada slide info","","",""
"7","Admin","Galeri & Video","Upload video MP4 dan gambar untuk galeri masuk tanpa error","","",""
"8","Admin","Donasi & QRIS","Upload QRIS dan ubah data bank/rekening","","",""
"9","Display","Slider Utama","Gambar wallpaper berganti otomatis sesuai timer yang diatur di admin","","",""
"10","Display","Tampilan Keuangan","Jika upload gambar: tampil gambar full transparan. Jika tidak: tampil kotak teks standar","","",""
"11","Display","Transisi Bumper","Bumper animasi muncul sesuai urutan yang diatur sebelum kategori slide baru tayang","","",""
"12","Display","Hitung Mundur Adzan","Timer mundur menuju jam adzan muncul tepat waktu dan akurat","","",""
"13","Display","Layar Sedang Adzan","Menampilkan background adzan kustom (jika ada) dengan ukuran proporsional di TV (tidak terpotong/zoom)","","",""
"14","Display","Hitung Mundur Iqomah","Timer Iqomah muncul dan berjalan otomatis setelah durasi adzan selesai","","",""
"15","Display","Layar Khutbah Jumat","Menampilkan background khutbah kustom saat hari Jumat (jika aktif)","","",""
"16","Display","Layar Sedang Sholat","Menampilkan background sholat kustom, kembali ke layar utama otomatis setelah durasi sholat habis (biasanya 20 menit)","","",""
"17","Display","Sholat Tarawih (Isya)","Jika Tarawih aktif, layar Sedang Sholat di waktu Isya bertahan selama 3 jam, dan logika ini tidak bocor/merusak durasi sholat lain","","",""
"18","Sistem","File Pathing","Memastikan tidak ada error saat upload file berulang kali (file lama terganti dengan sempurna)","","",""
